{
  "generated_at": "2026-04-30T20:31:02",
  "config": {
    "runs": 30,
    "seed_start": 1,
    "seeds": [
      1,
      2,
      3,
      4,
      5,
      6,
      7,
      8,
      9,
      10,
      11,
      12,
      13,
      14,
      15,
      16,
      17,
      18,
      19,
      20,
      21,
      22,
      23,
      24,
      25,
      26,
      27,
      28,
      29,
      30
    ],
    "max_iter": 100,
    "population_size": 20,
    "data_dir": "data/processed/",
    "order": "alternate",
    "objective": "minimize total_tardiness"
  },
  "descriptive": {
    "CAOA": {
      "total_tardiness": {
        "n": 30,
        "mean": 3585.6666666666665,
        "std": 12.262455549030712,
        "median": 3581.0,
        "min": 3575.0,
        "max": 3623.0,
        "q1": 3581.0,
        "q3": 3586.0
      },
      "max_tardiness": {
        "n": 30,
        "mean": 1229.0,
        "std": 0.0,
        "median": 1229.0,
        "min": 1229.0,
        "max": 1229.0,
        "q1": 1229.0,
        "q3": 1229.0
      },
      "runtime_seconds": {
        "n": 30,
        "mean": 98.06512795599993,
        "std": 5.411416325275321,
        "median": 97.04188462799902,
        "min": 87.98309215599875,
        "max": 116.87759755099978,
        "q1": 94.57151488650106,
        "q3": 100.44493789574881
      }
    },
    "CAOASSR": {
      "total_tardiness": {
        "n": 30,
        "mean": 3579.8333333333335,
        "std": 3.1413080224572094,
        "median": 3580.0,
        "min": 3575.0,
        "max": 3586.0,
        "q1": 3577.25,
        "q3": 3581.0
      },
      "max_tardiness": {
        "n": 30,
        "mean": 1229.0,
        "std": 0.0,
        "median": 1229.0,
        "min": 1229.0,
        "max": 1229.0,
        "q1": 1229.0,
        "q3": 1229.0
      },
      "runtime_seconds": {
        "n": 30,
        "mean": 109.2750214349339,
        "std": 3.2317224535319062,
        "median": 108.57541698950081,
        "min": 105.2266796440017,
        "max": 116.65083272600168,
        "q1": 106.68696064600226,
        "q3": 110.35337774000072
      },
      "ssr_checks": {
        "n": 30,
        "mean": 10.0,
        "std": 0.0,
        "median": 10.0,
        "min": 10.0,
        "max": 10.0,
        "q1": 10.0,
        "q3": 10.0
      },
      "ssr_activated_count": {
        "n": 30,
        "mean": 0.0,
        "std": 0.0,
        "median": 0.0,
        "min": 0.0,
        "max": 0.0,
        "q1": 0.0,
        "q3": 0.0
      },
      "ssr_replacement_total": {
        "n": 30,
        "mean": 0.0,
        "std": 0.0,
        "median": 0.0,
        "min": 0.0,
        "max": 0.0,
        "q1": 0.0,
        "q3": 0.0
      },
      "inline_reduced_dim_total": {
        "n": 30,
        "mean": 0.0,
        "std": 0.0,
        "median": 0.0,
        "min": 0.0,
        "max": 0.0,
        "q1": 0.0,
        "q3": 0.0
      },
      "inline_explore_dim_total": {
        "n": 30,
        "mean": 0.0,
        "std": 0.0,
        "median": 0.0,
        "min": 0.0,
        "max": 0.0,
        "q1": 0.0,
        "q3": 0.0
      },
      "inline_knowledge_reinit_total": {
        "n": 30,
        "mean": 0.0,
        "std": 0.0,
        "median": 0.0,
        "min": 0.0,
        "max": 0.0,
        "q1": 0.0,
        "q3": 0.0
      }
    }
  },
  "paired_comparison": {
    "common_seed_count": 30,
    "caoassr_better_count": 19,
    "tie_count": 3,
    "caoassr_worse_count": 8,
    "mean_delta_caoassr_minus_caoa": -5.833333333333333,
    "median_delta_caoassr_minus_caoa": -3.5,
    "min_delta_caoassr_minus_caoa": -46.0,
    "max_delta_caoassr_minus_caoa": 9.0
  },
  "tests": {
    "wilcoxon_rank_sum": {
      "statistic": -2.594666661050551,
      "p_value_two_sided": 0.009468269708615267,
      "alternative": "two-sided",
      "treatment_first": "CAOASSR",
      "control_second": "CAOA"
    },
    "wilcoxon_signed_rank_paired_extra": {
      "statistic": 79.5,
      "p_value_two_sided": 0.008417998215820422,
      "alternative": "two-sided",
      "note": "Extra paired diagnostic because seeds are matched."
    }
  },
  "effect_size": {
    "vargha_delaney_a12": {
      "a12_caoassr_better": 0.695,
      "magnitude": "medium",
      "interpretation": "A12 > 0.5 favors CAOASSR for minimization."
    }
  },
  "errors": [],
  "files": {
    "raw_results_csv": "data/result/statistical_tests/caoa_vs_caoassr_20260430_184733/raw_results.csv",
    "paired_by_seed_csv": "data/result/statistical_tests/caoa_vs_caoassr_20260430_184733/paired_by_seed_results.csv",
    "summary_json": "data/result/statistical_tests/caoa_vs_caoassr_20260430_184733/summary.json",
    "report_md": "data/result/statistical_tests/caoa_vs_caoassr_20260430_184733/report.md",
    "fcfs_metrics_json": "data/result/statistical_tests/caoa_vs_caoassr_20260430_184733/fcfs_metrics.json"
  }
}