{
    "alpha": 0.9820289243022936,
    "beta": 0.12998674530084298,
    "gamma": 0.07284087952042448,
    "delta": 1.2279461339881261,
    "initial_energy": 166.9855567329537
}