{
    "alpha": 0.43874034923900007,
    "beta": 0.17693113122424226,
    "gamma": 0.26986464081371025,
    "delta": 1.6816878151609147,
    "initial_energy": 100.2356413262414
}